select * from information_schema.periods;
TABLE_CATALOG	TABLE_SCHEMA	TABLE_NAME	PERIOD	START_COLUMN_NAME	END_COLUMN_NAME
create or replace table t1 (id int primary key, s timestamp(6), e timestamp(6),
period for mytime(s,e));
create or replace table t2 (id int primary key, s timestamp(6), e timestamp(6),
period for mytime(s,e),
vs timestamp(6) as row start,
ve timestamp(6) as row end,
period for system_time(vs, ve))
with system versioning;
show columns from t1;
Field	Type	Null	Key	Default	Extra
id	int(11)	NO	PRI	NULL	
s	timestamp(6)	NO		NULL	
e	timestamp(6)	NO		NULL	
select * from information_schema.periods where table_schema = 'test';
TABLE_CATALOG	TABLE_SCHEMA	TABLE_NAME	PERIOD	START_COLUMN_NAME	END_COLUMN_NAME
def	test	t2	SYSTEM_TIME	vs	ve
def	test	t2	mytime	s	e
def	test	t1	mytime	s	e
create user periods_hidden@localhost;
grant create on test.nonexist to periods_hidden@localhost;
connect  chopped,localhost,periods_hidden,,test;
select * from information_schema.periods where table_schema = 'test';
TABLE_CATALOG	TABLE_SCHEMA	TABLE_NAME	PERIOD	START_COLUMN_NAME	END_COLUMN_NAME
connection default;
grant select(id) on test.t1 to periods_hidden@localhost;
connection chopped;
select * from information_schema.periods where table_schema = 'test';
TABLE_CATALOG	TABLE_SCHEMA	TABLE_NAME	PERIOD	START_COLUMN_NAME	END_COLUMN_NAME
def	test	t1	mytime	NULL	NULL
connection default;
grant select(s) on test.t1 to periods_hidden@localhost;
connection chopped;
select * from information_schema.periods where table_schema = 'test';
TABLE_CATALOG	TABLE_SCHEMA	TABLE_NAME	PERIOD	START_COLUMN_NAME	END_COLUMN_NAME
def	test	t1	mytime	s	NULL
connection default;
grant select(e) on test.t2 to periods_hidden@localhost;
connection chopped;
select * from information_schema.periods where table_schema = 'test';
TABLE_CATALOG	TABLE_SCHEMA	TABLE_NAME	PERIOD	START_COLUMN_NAME	END_COLUMN_NAME
def	test	t1	mytime	s	NULL
def	test	t2	SYSTEM_TIME	NULL	NULL
def	test	t2	mytime	NULL	e
connection default;
grant update on test.t2 to periods_hidden@localhost;
connection chopped;
select * from information_schema.periods where table_schema = 'test';
TABLE_CATALOG	TABLE_SCHEMA	TABLE_NAME	PERIOD	START_COLUMN_NAME	END_COLUMN_NAME
def	test	t1	mytime	s	NULL
def	test	t2	SYSTEM_TIME	vs	ve
def	test	t2	mytime	s	e
connection default;
drop user periods_hidden@localhost;
drop tables t1, t2;
